latitude,longitude,bright_ti4,scan,track,acq_date,acq_time,satellite,instrument,confidence,version,bright_ti5,frp,daynight,acq_datetime
35.14813,-6.10657,304.86,0.5,0.49,2025-09-08,143,N,VIIRS,n,2.0NRT,287.94,1.0,N,2025-09-08 01:43:00+00:00
40.72105,-3.5996,295.89,0.43,0.46,2025-09-08,143,N,VIIRS,n,2.0NRT,284.14,0.75,N,2025-09-08 01:43:00+00:00
38.80831,-5.0035,300.96,0.48,0.48,2025-09-08,143,N,VIIRS,n,2.0NRT,287.44,0.81,N,2025-09-08 01:43:00+00:00
38.8044,-4.95728,300.73,0.47,0.48,2025-09-08,143,N,VIIRS,n,2.0NRT,288.43,1.52,N,2025-09-08 01:43:00+00:00
36.96589,-1.90277,307.78,0.48,0.4,2025-09-08,143,N,VIIRS,n,2.0NRT,292.09,1.24,N,2025-09-08 01:43:00+00:00
36.1313,1.23995,313.23,0.39,0.36,2025-09-08,143,N,VIIRS,n,2.0NRT,295.66,3.3,N,2025-09-08 01:43:00+00:00
36.12734,1.24351,326.47,0.39,0.36,2025-09-08,143,N,VIIRS,n,2.0NRT,296.9,3.3,N,2025-09-08 01:43:00+00:00
35.82257,-0.32437,315.38,0.42,0.37,2025-09-08,143,N,VIIRS,n,2.0NRT,287.47,0.96,N,2025-09-08 01:43:00+00:00
35.81514,-0.26941,313.27,0.42,0.37,2025-09-08,143,N,VIIRS,n,2.0NRT,287.96,3.12,N,2025-09-08 01:43:00+00:00
36.12593,1.2409,323.19,0.39,0.36,2025-09-08,143,N,VIIRS,n,2.0NRT,294.78,4.94,N,2025-09-08 01:43:00+00:00
35.80641,-0.25701,306.51,0.41,0.37,2025-09-08,143,N,VIIRS,n,2.0NRT,286.02,1.94,N,2025-09-08 01:43:00+00:00
35.80455,-0.24326,313.97,0.41,0.37,2025-09-08,143,N,VIIRS,n,2.0NRT,292.42,2.52,N,2025-09-08 01:43:00+00:00
35.78201,0.54017,311.38,0.4,0.37,2025-09-08,143,N,VIIRS,n,2.0NRT,293.57,1.33,N,2025-09-08 01:43:00+00:00
35.52779,-0.27911,302.97,0.41,0.37,2025-09-08,143,N,VIIRS,n,2.0NRT,290.73,0.81,N,2025-09-08 01:43:00+00:00
35.46099,-0.39761,307.03,0.42,0.37,2025-09-08,143,N,VIIRS,n,2.0NRT,291.81,1.59,N,2025-09-08 01:43:00+00:00
35.33892,1.35772,305.42,0.39,0.36,2025-09-08,143,N,VIIRS,n,2.0NRT,288.64,0.35,N,2025-09-08 01:43:00+00:00
35.15267,-6.10602,304.02,0.5,0.49,2025-09-08,143,N,VIIRS,n,2.0NRT,288.11,1.11,N,2025-09-08 01:43:00+00:00
35.80984,-0.25633,325.1,0.41,0.37,2025-09-08,143,N,VIIRS,n,2.0NRT,290.32,1.94,N,2025-09-08 01:43:00+00:00
37.10249,-7.96227,301.29,0.53,0.67,2025-09-08,323,N,VIIRS,n,2.0NRT,280.29,1.72,N,2025-09-08 03:23:00+00:00
36.0174,0.1255,337.98,0.39,0.36,2025-09-08,1304,N,VIIRS,n,2.0NRT,301.74,2.4,D,2025-09-08 13:04:00+00:00
36.96613,-1.90561,330.47,0.39,0.36,2025-09-08,1304,N,VIIRS,l,2.0NRT,305.03,2.25,D,2025-09-08 13:04:00+00:00
36.68021,3.12355,336.85,0.46,0.39,2025-09-08,1304,N,VIIRS,n,2.0NRT,302.9,2.43,D,2025-09-08 13:04:00+00:00
36.55726,3.05342,334.89,0.46,0.39,2025-09-08,1304,N,VIIRS,n,2.0NRT,301.5,1.98,D,2025-09-08 13:04:00+00:00
35.81593,-0.26913,335.35,0.38,0.36,2025-09-08,1304,N,VIIRS,n,2.0NRT,302.29,4.17,D,2025-09-08 13:04:00+00:00
36.49101,2.70518,334.63,0.45,0.39,2025-09-08,1304,N,VIIRS,n,2.0NRT,302.88,2.13,D,2025-09-08 13:04:00+00:00
35.80796,-0.2542,338.42,0.38,0.36,2025-09-08,1304,N,VIIRS,n,2.0NRT,304.98,4.08,D,2025-09-08 13:04:00+00:00
35.78266,0.54185,335.03,0.39,0.36,2025-09-08,1304,N,VIIRS,l,2.0NRT,307.87,1.36,D,2025-09-08 13:04:00+00:00
35.76265,-0.26651,334.0,0.38,0.36,2025-09-08,1304,N,VIIRS,l,2.0NRT,305.7,2.4,D,2025-09-08 13:04:00+00:00
35.56735,-0.93722,337.57,0.39,0.36,2025-09-08,1304,N,VIIRS,n,2.0NRT,306.48,0.83,D,2025-09-08 13:04:00+00:00
35.812,-0.27261,337.35,0.38,0.36,2025-09-08,1304,N,VIIRS,n,2.0NRT,303.68,1.11,D,2025-09-08 13:04:00+00:00
42.26715,-7.39335,345.98,0.48,0.4,2025-09-08,1306,N,VIIRS,n,2.0NRT,296.87,38.08,D,2025-09-08 13:06:00+00:00
41.80102,-7.36304,351.98,0.48,0.4,2025-09-08,1306,N,VIIRS,n,2.0NRT,316.41,122.5,D,2025-09-08 13:06:00+00:00
41.79853,-7.35614,337.7,0.48,0.4,2025-09-08,1306,N,VIIRS,n,2.0NRT,304.63,51.88,D,2025-09-08 13:06:00+00:00
41.79738,-7.36194,367.0,0.48,0.4,2025-09-08,1306,N,VIIRS,h,2.0NRT,353.58,122.5,D,2025-09-08 13:06:00+00:00
41.80353,-7.36989,331.33,0.49,0.4,2025-09-08,1306,N,VIIRS,l,2.0NRT,303.25,4.74,D,2025-09-08 13:06:00+00:00
41.79133,-7.35346,336.21,0.48,0.4,2025-09-08,1306,N,VIIRS,n,2.0NRT,291.98,109.58,D,2025-09-08 13:06:00+00:00
40.36144,-3.70953,335.37,0.4,0.37,2025-09-08,1306,N,VIIRS,l,2.0NRT,306.83,3.64,D,2025-09-08 13:06:00+00:00
37.24305,-6.74179,340.51,0.55,0.43,2025-09-08,1306,N,VIIRS,n,2.0NRT,305.07,13.74,D,2025-09-08 13:06:00+00:00
37.24233,-6.74349,336.6,0.55,0.42,2025-09-08,1306,N,VIIRS,n,2.0NRT,306.34,8.96,D,2025-09-08 13:06:00+00:00
41.79491,-7.35488,367.0,0.48,0.4,2025-09-08,1306,N,VIIRS,h,2.0NRT,340.79,109.58,D,2025-09-08 13:06:00+00:00
43.55575,-5.86653,297.28,0.51,0.66,2025-09-09,124,N,VIIRS,n,2.0NRT,282.18,0.66,N,2025-09-09 01:24:00+00:00
43.55317,-5.86251,303.01,0.51,0.66,2025-09-09,124,N,VIIRS,n,2.0NRT,283.4,1.58,N,2025-09-09 01:24:00+00:00
43.52788,-5.73692,299.45,0.5,0.66,2025-09-09,124,N,VIIRS,n,2.0NRT,283.73,1.4,N,2025-09-09 01:24:00+00:00
41.78038,-7.3686,311.43,0.6,0.7,2025-09-09,124,N,VIIRS,n,2.0NRT,280.49,2.32,N,2025-09-09 01:24:00+00:00
39.93533,-3.74781,299.24,0.38,0.58,2025-09-09,124,N,VIIRS,n,2.0NRT,282.7,0.81,N,2025-09-09 01:24:00+00:00
43.52774,-5.73108,300.68,0.5,0.66,2025-09-09,124,N,VIIRS,n,2.0NRT,283.89,1.15,N,2025-09-09 01:24:00+00:00
36.12669,1.23908,314.03,0.56,0.43,2025-09-09,126,N,VIIRS,n,2.0NRT,293.41,1.55,N,2025-09-09 01:26:00+00:00
36.74823,3.07996,309.14,0.47,0.4,2025-09-09,126,N,VIIRS,n,2.0NRT,287.55,0.93,N,2025-09-09 01:26:00+00:00
36.62916,3.23306,308.73,0.46,0.39,2025-09-09,126,N,VIIRS,n,2.0NRT,292.93,1.33,N,2025-09-09 01:26:00+00:00
36.60012,3.13665,306.37,0.47,0.4,2025-09-09,126,N,VIIRS,n,2.0NRT,291.71,1.16,N,2025-09-09 01:26:00+00:00
36.59546,2.87863,300.28,0.48,0.4,2025-09-09,126,N,VIIRS,n,2.0NRT,280.77,0.45,N,2025-09-09 01:26:00+00:00
36.13066,1.23972,307.73,0.56,0.43,2025-09-09,126,N,VIIRS,n,2.0NRT,293.28,1.5,N,2025-09-09 01:26:00+00:00
35.82226,-0.32661,318.58,0.45,0.47,2025-09-09,126,N,VIIRS,n,2.0NRT,290.21,2.68,N,2025-09-09 01:26:00+00:00
35.78241,0.54035,308.53,0.4,0.44,2025-09-09,126,N,VIIRS,n,2.0NRT,292.5,1.0,N,2025-09-09 01:26:00+00:00
35.81664,-0.26762,307.94,0.44,0.46,2025-09-09,126,N,VIIRS,n,2.0NRT,291.56,1.09,N,2025-09-09 01:26:00+00:00
35.81139,-0.25827,322.8,0.44,0.46,2025-09-09,126,N,VIIRS,n,2.0NRT,292.23,2.25,N,2025-09-09 01:26:00+00:00
35.80709,-0.25878,330.78,0.44,0.46,2025-09-09,126,N,VIIRS,n,2.0NRT,291.87,2.25,N,2025-09-09 01:26:00+00:00
35.80568,-0.24403,308.7,0.44,0.46,2025-09-09,126,N,VIIRS,n,2.0NRT,291.82,1.59,N,2025-09-09 01:26:00+00:00
35.8171,-0.27247,310.76,0.44,0.46,2025-09-09,126,N,VIIRS,n,2.0NRT,291.36,1.09,N,2025-09-09 01:26:00+00:00
35.66172,-5.94307,304.34,0.46,0.63,2025-09-09,126,N,VIIRS,n,2.0NRT,284.87,0.94,N,2025-09-09 01:26:00+00:00
35.6587,-5.94313,300.15,0.46,0.63,2025-09-09,126,N,VIIRS,n,2.0NRT,284.94,0.66,N,2025-09-09 01:26:00+00:00
40.28918,-8.41785,297.07,0.48,0.48,2025-09-09,304,N,VIIRS,n,2.0NRT,285.52,0.62,N,2025-09-09 03:04:00+00:00
41.7865,-7.3681,298.39,0.5,0.49,2025-09-09,304,N,VIIRS,n,2.0NRT,280.07,1.59,N,2025-09-09 03:04:00+00:00
39.93552,-3.74603,300.5,0.42,0.61,2025-09-09,304,N,VIIRS,n,2.0NRT,286.6,0.72,N,2025-09-09 03:04:00+00:00
35.65237,-5.92966,303.66,0.42,0.61,2025-09-09,306,N,VIIRS,n,2.0NRT,283.87,1.47,N,2025-09-09 03:06:00+00:00
38.6304,-9.07686,296.04,0.49,0.48,2025-09-09,306,N,VIIRS,n,2.0NRT,280.89,0.25,N,2025-09-09 03:06:00+00:00
38.97255,-9.00055,327.33,0.37,0.58,2025-09-09,1246,N,VIIRS,n,2.0NRT,290.08,1.58,D,2025-09-09 12:46:00+00:00
38.97485,-9.002,342.58,0.37,0.58,2025-09-09,1246,N,VIIRS,n,2.0NRT,290.49,4.08,D,2025-09-09 12:46:00+00:00
38.97593,-8.99794,332.62,0.37,0.58,2025-09-09,1246,N,VIIRS,n,2.0NRT,289.73,5.22,D,2025-09-09 12:46:00+00:00
38.97778,-9.00254,342.36,0.37,0.58,2025-09-09,1246,N,VIIRS,n,2.0NRT,290.36,3.12,D,2025-09-09 12:46:00+00:00
43.54089,-5.82988,328.98,0.41,0.45,2025-09-09,1246,N,VIIRS,l,2.0NRT,300.37,2.93,D,2025-09-09 12:46:00+00:00
43.5264,-5.72985,356.31,0.69,0.75,2025-09-09,1429,N,VIIRS,n,2.0NRT,289.62,9.86,D,2025-09-09 14:29:00+00:00
38.66578,-4.24849,367.0,0.8,0.78,2025-09-09,1429,N,VIIRS,h,2.0NRT,306.15,20.07,D,2025-09-09 14:29:00+00:00
43.52901,-5.72895,354.19,0.69,0.74,2025-09-09,1429,N,VIIRS,n,2.0NRT,288.81,10.98,D,2025-09-09 14:29:00+00:00
38.66537,-4.25622,355.95,0.8,0.78,2025-09-09,1429,N,VIIRS,n,2.0NRT,304.02,28.69,D,2025-09-09 14:29:00+00:00
38.66574,-4.25815,336.81,0.79,0.78,2025-09-09,1429,N,VIIRS,n,2.0NRT,302.3,20.07,D,2025-09-09 14:29:00+00:00
41.47535,-1.49174,295.79,0.52,0.67,2025-09-10,105,N,VIIRS,n,2.0NRT,284.33,0.34,N,2025-09-10 01:05:00+00:00
35.82598,-0.32798,323.58,0.41,0.61,2025-09-10,105,N,VIIRS,n,2.0NRT,288.54,2.09,N,2025-09-10 01:05:00+00:00
35.81729,-0.2739,330.81,0.41,0.6,2025-09-10,105,N,VIIRS,n,2.0NRT,288.74,2.31,N,2025-09-10 01:05:00+00:00
35.81188,-0.27857,319.03,0.41,0.6,2025-09-10,105,N,VIIRS,n,2.0NRT,287.36,1.49,N,2025-09-10 01:05:00+00:00
35.81163,-0.27411,307.65,0.41,0.6,2025-09-10,105,N,VIIRS,n,2.0NRT,287.57,1.49,N,2025-09-10 01:05:00+00:00
35.81755,-0.27855,313.35,0.41,0.6,2025-09-10,105,N,VIIRS,n,2.0NRT,287.74,2.31,N,2025-09-10 01:05:00+00:00
35.81062,-0.25599,304.15,0.41,0.6,2025-09-10,105,N,VIIRS,n,2.0NRT,287.74,1.59,N,2025-09-10 01:05:00+00:00
35.80999,-0.34783,298.5,0.41,0.61,2025-09-10,105,N,VIIRS,n,2.0NRT,287.42,0.32,N,2025-09-10 01:05:00+00:00
35.80447,-0.24711,303.7,0.41,0.6,2025-09-10,105,N,VIIRS,n,2.0NRT,288.24,1.34,N,2025-09-10 01:05:00+00:00
35.76331,-0.27251,300.56,0.41,0.6,2025-09-10,105,N,VIIRS,n,2.0NRT,287.54,0.66,N,2025-09-10 01:05:00+00:00
35.76303,-0.26788,303.61,0.41,0.6,2025-09-10,105,N,VIIRS,n,2.0NRT,288.47,0.66,N,2025-09-10 01:05:00+00:00
35.81087,-0.26053,326.86,0.41,0.6,2025-09-10,105,N,VIIRS,n,2.0NRT,288.24,1.59,N,2025-09-10 01:05:00+00:00
40.5768,0.53923,308.62,0.4,0.6,2025-09-10,107,N,VIIRS,n,2.0NRT,288.1,0.85,N,2025-09-10 01:07:00+00:00
36.95363,-4.1275,304.31,0.55,0.51,2025-09-10,245,N,VIIRS,n,2.0NRT,267.63,1.07,N,2025-09-10 02:45:00+00:00
41.40496,1.99635,300.76,0.43,0.62,2025-09-10,245,N,VIIRS,n,2.0NRT,286.03,0.72,N,2025-09-10 02:45:00+00:00
40.57515,0.54051,299.69,0.38,0.59,2025-09-10,245,N,VIIRS,n,2.0NRT,287.32,0.75,N,2025-09-10 02:45:00+00:00
38.97532,-6.29612,295.58,0.38,0.44,2025-09-10,245,N,VIIRS,n,2.0NRT,285.33,0.26,N,2025-09-10 02:45:00+00:00
38.92138,-9.01084,311.83,0.45,0.39,2025-09-10,245,N,VIIRS,n,2.0NRT,288.38,1.64,N,2025-09-10 02:45:00+00:00
38.63128,-9.07978,304.23,0.45,0.39,2025-09-10,245,N,VIIRS,n,2.0NRT,288.98,1.13,N,2025-09-10 02:45:00+00:00
37.77196,-4.76213,305.91,0.48,0.48,2025-09-10,245,N,VIIRS,n,2.0NRT,286.24,0.98,N,2025-09-10 02:45:00+00:00
37.3599,-5.86477,302.22,0.43,0.46,2025-09-10,245,N,VIIRS,n,2.0NRT,289.59,0.82,N,2025-09-10 02:45:00+00:00
36.95211,-4.12825,329.53,0.55,0.51,2025-09-10,245,N,VIIRS,n,2.0NRT,264.44,5.65,N,2025-09-10 02:45:00+00:00
35.76304,-0.27033,301.55,0.47,0.64,2025-09-10,245,N,VIIRS,n,2.0NRT,288.08,0.96,N,2025-09-10 02:45:00+00:00
36.94729,-4.12879,305.27,0.55,0.51,2025-09-10,245,N,VIIRS,n,2.0NRT,262.95,1.83,N,2025-09-10 02:45:00+00:00
35.76868,-0.2679,300.16,0.47,0.64,2025-09-10,245,N,VIIRS,n,2.0NRT,288.53,1.72,N,2025-09-10 02:45:00+00:00
35.80656,-0.24497,302.08,0.47,0.64,2025-09-10,245,N,VIIRS,n,2.0NRT,288.19,1.48,N,2025-09-10 02:45:00+00:00
35.80935,-0.25506,324.25,0.47,0.64,2025-09-10,245,N,VIIRS,n,2.0NRT,287.92,1.52,N,2025-09-10 02:45:00+00:00
36.94885,-4.12829,333.55,0.55,0.51,2025-09-10,245,N,VIIRS,n,2.0NRT,261.42,4.34,N,2025-09-10 02:45:00+00:00
35.81351,-0.27012,337.37,0.46,0.64,2025-09-10,245,N,VIIRS,n,2.0NRT,288.44,3.06,N,2025-09-10 02:45:00+00:00
35.82198,-0.32356,307.63,0.46,0.64,2025-09-10,245,N,VIIRS,n,2.0NRT,287.3,0.89,N,2025-09-10 02:45:00+00:00
36.12899,1.23727,303.13,0.55,0.68,2025-09-10,245,N,VIIRS,n,2.0NRT,278.15,3.87,N,2025-09-10 02:45:00+00:00
35.81072,-0.26002,307.48,0.47,0.64,2025-09-10,245,N,VIIRS,n,2.0NRT,287.96,1.52,N,2025-09-10 02:45:00+00:00
35.43322,-5.97084,304.75,0.47,0.48,2025-09-10,247,N,VIIRS,n,2.0NRT,286.54,1.55,N,2025-09-10 02:47:00+00:00
35.43751,-5.9694,324.81,0.47,0.48,2025-09-10,247,N,VIIRS,n,2.0NRT,287.05,3.29,N,2025-09-10 02:47:00+00:00
35.56863,-0.93948,298.3,0.44,0.62,2025-09-10,247,N,VIIRS,n,2.0NRT,286.63,0.5,N,2025-09-10 02:47:00+00:00
35.80886,-0.25244,338.18,0.56,0.51,2025-09-10,1227,N,VIIRS,n,2.0NRT,302.95,1.33,D,2025-09-10 12:27:00+00:00
35.8138,-0.27366,338.64,0.56,0.51,2025-09-10,1227,N,VIIRS,n,2.0NRT,300.25,1.99,D,2025-09-10 12:27:00+00:00
38.27873,-3.61852,337.36,0.36,0.58,2025-09-10,1227,N,VIIRS,n,2.0NRT,297.2,1.97,D,2025-09-10 12:27:00+00:00
38.2798,-3.61442,331.31,0.36,0.58,2025-09-10,1227,N,VIIRS,n,2.0NRT,296.79,1.97,D,2025-09-10 12:27:00+00:00
38.28201,-3.62014,338.37,0.36,0.58,2025-09-10,1227,N,VIIRS,n,2.0NRT,298.3,4.52,D,2025-09-10 12:27:00+00:00
42.64812,2.71212,329.49,0.45,0.39,2025-09-10,1227,N,VIIRS,n,2.0NRT,301.65,2.55,D,2025-09-10 12:27:00+00:00
40.04211,-4.03502,332.72,0.47,0.64,2025-09-10,1408,N,VIIRS,n,2.0NRT,297.44,2.85,D,2025-09-10 14:08:00+00:00
40.0419,-4.04083,334.66,0.47,0.64,2025-09-10,1408,N,VIIRS,n,2.0NRT,296.3,2.85,D,2025-09-10 14:08:00+00:00
38.67501,-4.04551,340.07,0.46,0.63,2025-09-10,1408,N,VIIRS,n,2.0NRT,291.07,4.53,D,2025-09-10 14:08:00+00:00
36.74694,3.07958,302.06,0.49,0.65,2025-09-11,48,N,VIIRS,n,2.0NRT,289.71,0.54,N,2025-09-11 00:48:00+00:00
36.6304,3.23101,302.38,0.49,0.65,2025-09-11,48,N,VIIRS,n,2.0NRT,289.58,1.0,N,2025-09-11 00:48:00+00:00
36.63025,3.22873,310.64,0.48,0.65,2025-09-11,48,N,VIIRS,n,2.0NRT,290.53,1.29,N,2025-09-11 00:48:00+00:00
36.59621,2.8748,298.49,0.51,0.66,2025-09-11,48,N,VIIRS,n,2.0NRT,287.7,0.43,N,2025-09-11 00:48:00+00:00
36.17843,1.1567,298.06,0.63,0.72,2025-09-11,48,N,VIIRS,n,2.0NRT,286.5,0.88,N,2025-09-11 00:48:00+00:00
35.81509,-0.27654,316.73,0.75,0.77,2025-09-11,48,N,VIIRS,n,2.0NRT,287.78,2.23,N,2025-09-11 00:48:00+00:00
35.81521,-0.28482,305.96,0.75,0.77,2025-09-11,48,N,VIIRS,n,2.0NRT,287.25,2.23,N,2025-09-11 00:48:00+00:00
35.81284,-0.27355,309.98,0.75,0.77,2025-09-11,48,N,VIIRS,n,2.0NRT,287.91,2.6,N,2025-09-11 00:48:00+00:00
35.81267,-0.26528,310.73,0.74,0.76,2025-09-11,48,N,VIIRS,n,2.0NRT,287.97,2.6,N,2025-09-11 00:48:00+00:00
35.80775,-0.26776,303.27,0.75,0.77,2025-09-11,48,N,VIIRS,n,2.0NRT,287.79,2.08,N,2025-09-11 00:48:00+00:00
35.80763,-0.25937,317.61,0.74,0.76,2025-09-11,48,N,VIIRS,n,2.0NRT,287.73,2.08,N,2025-09-11 00:48:00+00:00
35.76237,-0.27385,298.75,0.75,0.77,2025-09-11,48,N,VIIRS,n,2.0NRT,288.31,1.39,N,2025-09-11 00:48:00+00:00
35.813,-0.28185,315.89,0.75,0.77,2025-09-11,48,N,VIIRS,n,2.0NRT,287.86,3.75,N,2025-09-11 00:48:00+00:00
35.80546,-0.26485,306.39,0.74,0.76,2025-09-11,48,N,VIIRS,n,2.0NRT,287.43,1.73,N,2025-09-11 00:48:00+00:00
43.32965,-5.77382,301.69,0.39,0.36,2025-09-11,226,N,VIIRS,n,2.0NRT,285.56,0.57,N,2025-09-11 02:26:00+00:00
43.5405,-5.83271,336.32,0.39,0.36,2025-09-11,226,N,VIIRS,n,2.0NRT,288.07,4.56,N,2025-09-11 02:26:00+00:00
43.52762,-5.73267,298.2,0.39,0.36,2025-09-11,226,N,VIIRS,n,2.0NRT,286.41,0.71,N,2025-09-11 02:26:00+00:00
43.52684,-5.72795,300.32,0.39,0.36,2025-09-11,226,N,VIIRS,n,2.0NRT,286.95,0.68,N,2025-09-11 02:26:00+00:00
43.52511,-5.73841,297.76,0.39,0.36,2025-09-11,226,N,VIIRS,n,2.0NRT,285.58,0.71,N,2025-09-11 02:26:00+00:00
42.18985,-4.24455,295.02,0.41,0.37,2025-09-11,226,N,VIIRS,n,2.0NRT,283.64,0.48,N,2025-09-11 02:26:00+00:00
41.92602,0.17716,299.72,0.4,0.44,2025-09-11,226,N,VIIRS,n,2.0NRT,287.17,1.06,N,2025-09-11 02:26:00+00:00
41.47618,-1.48759,298.91,0.52,0.42,2025-09-11,226,N,VIIRS,n,2.0NRT,286.51,0.34,N,2025-09-11 02:26:00+00:00
41.47439,-1.48817,298.14,0.52,0.42,2025-09-11,226,N,VIIRS,n,2.0NRT,287.19,0.82,N,2025-09-11 02:26:00+00:00
41.40621,1.99982,303.14,0.5,0.49,2025-09-11,226,N,VIIRS,n,2.0NRT,288.29,1.06,N,2025-09-11 02:26:00+00:00
42.55203,-6.76761,299.88,0.38,0.36,2025-09-11,226,N,VIIRS,n,2.0NRT,285.19,0.95,N,2025-09-11 02:26:00+00:00
37.36047,-5.86598,309.08,0.42,0.37,2025-09-11,228,N,VIIRS,n,2.0NRT,292.86,1.21,N,2025-09-11 02:28:00+00:00
37.49238,-5.76087,313.67,0.42,0.38,2025-09-11,228,N,VIIRS,n,2.0NRT,291.32,0.93,N,2025-09-11 02:28:00+00:00
37.81738,-6.43509,316.42,0.4,0.37,2025-09-11,228,N,VIIRS,n,2.0NRT,290.98,3.8,N,2025-09-11 02:28:00+00:00
37.81817,-6.43961,345.73,0.4,0.37,2025-09-11,228,N,VIIRS,n,2.0NRT,294.99,41.45,N,2025-09-11 02:28:00+00:00
37.82072,-6.43418,300.92,0.4,0.37,2025-09-11,228,N,VIIRS,n,2.0NRT,289.89,3.8,N,2025-09-11 02:28:00+00:00
37.82151,-6.43871,367.0,0.4,0.37,2025-09-11,228,N,VIIRS,h,2.0NRT,328.91,41.45,N,2025-09-11 02:28:00+00:00
37.82231,-6.44322,331.54,0.4,0.37,2025-09-11,228,N,VIIRS,n,2.0NRT,293.93,41.45,N,2025-09-11 02:28:00+00:00
37.82565,-6.44234,330.11,0.4,0.37,2025-09-11,228,N,VIIRS,n,2.0NRT,291.39,1.67,N,2025-09-11 02:28:00+00:00
38.92097,-9.01109,319.66,0.39,0.36,2025-09-11,228,N,VIIRS,n,2.0NRT,292.06,1.89,N,2025-09-11 02:28:00+00:00
39.04998,-8.91706,298.89,0.39,0.36,2025-09-11,228,N,VIIRS,n,2.0NRT,288.7,0.35,N,2025-09-11 02:28:00+00:00
39.42962,-5.9147,297.74,0.4,0.37,2025-09-11,228,N,VIIRS,n,2.0NRT,284.63,0.27,N,2025-09-11 02:28:00+00:00
39.93569,-3.7429,303.01,0.45,0.39,2025-09-11,228,N,VIIRS,n,2.0NRT,289.42,1.2,N,2025-09-11 02:28:00+00:00
40.24532,-3.47416,305.47,0.46,0.39,2025-09-11,228,N,VIIRS,n,2.0NRT,288.88,1.21,N,2025-09-11 02:28:00+00:00
40.57532,0.53874,305.2,0.45,0.47,2025-09-11,228,N,VIIRS,n,2.0NRT,291.45,1.06,N,2025-09-11 02:28:00+00:00
37.82486,-6.43781,304.32,0.4,0.37,2025-09-11,228,N,VIIRS,n,2.0NRT,290.06,1.67,N,2025-09-11 02:28:00+00:00
36.7494,3.07933,305.67,0.37,0.58,2025-09-11,228,N,VIIRS,n,2.0NRT,290.17,0.76,N,2025-09-11 02:28:00+00:00
36.58443,-4.5732,327.41,0.47,0.4,2025-09-11,228,N,VIIRS,n,2.0NRT,296.21,9.12,N,2025-09-11 02:28:00+00:00
36.58339,-4.56778,328.26,0.47,0.4,2025-09-11,228,N,VIIRS,n,2.0NRT,298.88,11.03,N,2025-09-11 02:28:00+00:00
35.31332,-1.34545,301.86,0.47,0.48,2025-09-11,228,N,VIIRS,n,2.0NRT,290.37,0.87,N,2025-09-11 02:28:00+00:00
35.46216,-0.3962,300.3,0.52,0.5,2025-09-11,228,N,VIIRS,n,2.0NRT,289.52,1.12,N,2025-09-11 02:28:00+00:00
35.53052,-0.27793,300.54,0.53,0.5,2025-09-11,228,N,VIIRS,n,2.0NRT,289.59,1.43,N,2025-09-11 02:28:00+00:00
35.7635,-0.26525,302.71,0.52,0.5,2025-09-11,228,N,VIIRS,n,2.0NRT,292.27,2.67,N,2025-09-11 02:28:00+00:00
35.80622,-0.24233,303.74,0.52,0.5,2025-09-11,228,N,VIIRS,n,2.0NRT,291.28,2.02,N,2025-09-11 02:28:00+00:00
36.63137,3.23206,310.59,0.38,0.59,2025-09-11,228,N,VIIRS,n,2.0NRT,290.23,1.32,N,2025-09-11 02:28:00+00:00
35.80889,-0.25366,306.1,0.52,0.5,2025-09-11,228,N,VIIRS,n,2.0NRT,289.63,2.69,N,2025-09-11 02:28:00+00:00
35.81286,-0.27055,331.89,0.52,0.5,2025-09-11,228,N,VIIRS,n,2.0NRT,290.5,2.88,N,2025-09-11 02:28:00+00:00
35.8173,-0.26882,322.29,0.52,0.5,2025-09-11,228,N,VIIRS,n,2.0NRT,291.71,2.88,N,2025-09-11 02:28:00+00:00
36.12892,1.24068,310.08,0.61,0.54,2025-09-11,228,N,VIIRS,n,2.0NRT,290.22,2.41,N,2025-09-11 02:28:00+00:00
36.17801,-5.42428,304.14,0.44,0.39,2025-09-11,228,N,VIIRS,n,2.0NRT,292.78,0.61,N,2025-09-11 02:28:00+00:00
36.57978,-4.56866,329.51,0.47,0.4,2025-09-11,228,N,VIIRS,n,2.0NRT,297.7,9.81,N,2025-09-11 02:28:00+00:00
36.58081,-4.57407,343.16,0.47,0.4,2025-09-11,228,N,VIIRS,n,2.0NRT,297.18,12.81,N,2025-09-11 02:28:00+00:00
35.8102,-0.25925,332.93,0.52,0.5,2025-09-11,228,N,VIIRS,n,2.0NRT,291.23,2.69,N,2025-09-11 02:28:00+00:00
35.80631,-0.25624,331.4,0.5,0.66,2025-09-11,1208,N,VIIRS,n,2.0NRT,299.87,5.97,D,2025-09-11 12:08:00+00:00
42.65495,2.80771,343.93,0.47,0.47,2025-09-11,1210,N,VIIRS,n,2.0NRT,296.37,5.13,D,2025-09-11 12:10:00+00:00
42.65575,2.81079,338.77,0.47,0.47,2025-09-11,1210,N,VIIRS,n,2.0NRT,296.11,5.02,D,2025-09-11 12:10:00+00:00
39.65621,-3.80762,342.75,0.59,0.7,2025-09-11,1210,N,VIIRS,n,2.0NRT,303.35,5.07,D,2025-09-11 12:10:00+00:00
42.65445,2.80531,340.59,0.47,0.47,2025-09-11,1210,N,VIIRS,n,2.0NRT,295.72,3.96,D,2025-09-11 12:10:00+00:00
35.81078,-0.25318,336.49,0.38,0.59,2025-09-11,1348,N,VIIRS,n,2.0NRT,301.32,4.92,D,2025-09-11 13:48:00+00:00
35.81089,-0.2536,341.1,0.38,0.59,2025-09-11,1348,N,VIIRS,n,2.0NRT,300.34,2.54,D,2025-09-11 13:48:00+00:00
35.81543,-0.26658,367.0,0.38,0.59,2025-09-11,1348,N,VIIRS,h,2.0NRT,301.4,4.15,D,2025-09-11 13:48:00+00:00
35.81563,-0.26692,367.0,0.38,0.59,2025-09-11,1348,N,VIIRS,h,2.0NRT,301.12,1.98,D,2025-09-11 13:48:00+00:00
35.82352,-0.32037,349.43,0.38,0.59,2025-09-11,1348,N,VIIRS,n,2.0NRT,304.27,3.37,D,2025-09-11 13:48:00+00:00
39.89049,-7.42337,346.35,0.53,0.42,2025-09-11,1350,N,VIIRS,n,2.0NRT,309.67,12.74,D,2025-09-11 13:50:00+00:00
38.84948,-6.50234,339.41,0.57,0.43,2025-09-11,1350,N,VIIRS,n,2.0NRT,307.46,7.73,D,2025-09-11 13:50:00+00:00
36.8119,-5.90142,339.21,0.38,0.44,2025-09-11,1350,N,VIIRS,l,2.0NRT,311.22,2.53,D,2025-09-11 13:50:00+00:00
36.70862,-5.94291,345.6,0.57,0.43,2025-09-11,1350,N,VIIRS,n,2.0NRT,311.29,6.96,D,2025-09-11 13:50:00+00:00
38.76589,-9.09843,339.24,0.44,0.39,2025-09-11,1350,N,VIIRS,n,2.0NRT,302.63,2.69,D,2025-09-11 13:50:00+00:00
41.40846,1.99588,304.63,0.47,0.39,2025-09-12,209,N,VIIRS,n,2.0NRT,288.79,0.66,N,2025-09-12 02:09:00+00:00
41.92561,0.17857,320.89,0.41,0.37,2025-09-12,209,N,VIIRS,n,2.0NRT,286.63,2.01,N,2025-09-12 02:09:00+00:00
41.92225,0.1775,298.35,0.41,0.37,2025-09-12,209,N,VIIRS,n,2.0NRT,285.95,0.73,N,2025-09-12 02:09:00+00:00
41.47589,-1.48978,308.27,0.39,0.36,2025-09-12,209,N,VIIRS,n,2.0NRT,288.11,0.88,N,2025-09-12 02:09:00+00:00
41.45398,1.97677,303.48,0.46,0.39,2025-09-12,209,N,VIIRS,n,2.0NRT,289.16,0.98,N,2025-09-12 02:09:00+00:00
41.13733,-2.66816,300.75,0.38,0.36,2025-09-12,209,N,VIIRS,n,2.0NRT,284.75,0.4,N,2025-09-12 02:09:00+00:00
40.57676,0.54068,306.61,0.43,0.38,2025-09-12,209,N,VIIRS,n,2.0NRT,291.32,1.39,N,2025-09-12 02:09:00+00:00
40.28944,-8.4208,298.39,0.53,0.42,2025-09-12,209,N,VIIRS,n,2.0NRT,287.27,0.66,N,2025-09-12 02:09:00+00:00
40.24555,-3.47604,308.64,0.39,0.36,2025-09-12,209,N,VIIRS,n,2.0NRT,291.27,1.31,N,2025-09-12 02:09:00+00:00
40.01048,-3.89915,300.62,0.39,0.36,2025-09-12,209,N,VIIRS,n,2.0NRT,289.62,0.46,N,2025-09-12 02:09:00+00:00
39.93783,-3.74692,306.25,0.39,0.36,2025-09-12,209,N,VIIRS,n,2.0NRT,287.35,1.46,N,2025-09-12 02:09:00+00:00
38.37858,-0.54536,302.64,0.42,0.38,2025-09-12,209,N,VIIRS,n,2.0NRT,292.48,0.95,N,2025-09-12 02:09:00+00:00
36.59583,2.87901,309.23,0.41,0.45,2025-09-12,211,N,VIIRS,n,2.0NRT,290.22,0.63,N,2025-09-12 02:11:00+00:00
36.62971,3.2297,309.95,0.43,0.46,2025-09-12,211,N,VIIRS,n,2.0NRT,291.76,1.01,N,2025-09-12 02:11:00+00:00
36.96732,-1.90763,309.29,0.4,0.37,2025-09-12,211,N,VIIRS,n,2.0NRT,293.44,1.71,N,2025-09-12 02:11:00+00:00
37.35907,-5.86674,305.85,0.41,0.37,2025-09-12,211,N,VIIRS,n,2.0NRT,295.0,0.93,N,2025-09-12 02:11:00+00:00
37.35923,-6.67284,301.83,0.43,0.38,2025-09-12,211,N,VIIRS,n,2.0NRT,291.25,0.67,N,2025-09-12 02:11:00+00:00
37.54548,-4.99097,298.45,0.39,0.36,2025-09-12,211,N,VIIRS,n,2.0NRT,288.23,0.59,N,2025-09-12 02:11:00+00:00
36.13877,2.929,302.5,0.43,0.46,2025-09-12,211,N,VIIRS,n,2.0NRT,287.12,0.69,N,2025-09-12 02:11:00+00:00
38.50276,-8.93828,300.92,0.54,0.42,2025-09-12,211,N,VIIRS,n,2.0NRT,290.48,0.68,N,2025-09-12 02:11:00+00:00
38.67961,-6.52314,305.11,0.43,0.38,2025-09-12,211,N,VIIRS,n,2.0NRT,289.47,0.86,N,2025-09-12 02:11:00+00:00
38.92214,-9.01005,309.31,0.55,0.43,2025-09-12,211,N,VIIRS,n,2.0NRT,290.89,1.43,N,2025-09-12 02:11:00+00:00
37.47541,-5.43099,302.87,0.4,0.37,2025-09-12,211,N,VIIRS,n,2.0NRT,291.51,0.46,N,2025-09-12 02:11:00+00:00
36.12988,1.24067,303.71,0.53,0.42,2025-09-12,211,N,VIIRS,n,2.0NRT,293.47,1.18,N,2025-09-12 02:11:00+00:00
37.95267,-8.7972,320.93,0.52,0.42,2025-09-12,211,N,VIIRS,n,2.0NRT,291.07,2.97,N,2025-09-12 02:11:00+00:00
36.12611,1.23947,304.82,0.53,0.42,2025-09-12,211,N,VIIRS,n,2.0NRT,291.59,1.27,N,2025-09-12 02:11:00+00:00
36.12734,1.24409,307.21,0.53,0.42,2025-09-12,211,N,VIIRS,n,2.0NRT,292.8,0.88,N,2025-09-12 02:11:00+00:00
35.31017,-1.34452,305.12,0.43,0.38,2025-09-12,211,N,VIIRS,n,2.0NRT,292.77,1.06,N,2025-09-12 02:11:00+00:00
35.45845,-0.39332,301.46,0.46,0.39,2025-09-12,211,N,VIIRS,n,2.0NRT,290.7,1.04,N,2025-09-12 02:11:00+00:00
35.52753,-0.27993,301.29,0.47,0.39,2025-09-12,211,N,VIIRS,n,2.0NRT,290.1,0.99,N,2025-09-12 02:11:00+00:00
35.53369,-0.27266,302.46,0.47,0.39,2025-09-12,211,N,VIIRS,n,2.0NRT,291.82,0.51,N,2025-09-12 02:11:00+00:00
35.4594,-0.39595,306.49,0.46,0.39,2025-09-12,211,N,VIIRS,n,2.0NRT,292.28,1.3,N,2025-09-12 02:11:00+00:00
35.8043,-0.24243,311.76,0.46,0.39,2025-09-12,211,N,VIIRS,n,2.0NRT,293.85,2.26,N,2025-09-12 02:11:00+00:00
35.80721,-0.25762,315.45,0.46,0.39,2025-09-12,211,N,VIIRS,n,2.0NRT,292.44,1.42,N,2025-09-12 02:11:00+00:00
35.81076,-0.25651,317.36,0.46,0.39,2025-09-12,211,N,VIIRS,n,2.0NRT,293.62,1.42,N,2025-09-12 02:11:00+00:00
35.81367,-0.27172,335.3,0.46,0.39,2025-09-12,211,N,VIIRS,n,2.0NRT,292.9,3.78,N,2025-09-12 02:11:00+00:00
35.81722,-0.2706,327.06,0.46,0.39,2025-09-12,211,N,VIIRS,n,2.0NRT,294.07,2.41,N,2025-09-12 02:11:00+00:00
35.76305,-0.26698,308.84,0.46,0.39,2025-09-12,211,N,VIIRS,n,2.0NRT,296.92,2.26,N,2025-09-12 02:11:00+00:00
38.91852,-0.47645,330.93,0.44,0.46,2025-09-12,1329,N,VIIRS,n,2.0NRT,297.99,0.75,D,2025-09-12 13:29:00+00:00
37.48424,-6.44711,367.0,0.39,0.36,2025-09-12,1329,N,VIIRS,l,2.0NRT,327.63,24.75,D,2025-09-12 13:29:00+00:00
37.48883,-6.43912,353.67,0.39,0.36,2025-09-12,1329,N,VIIRS,l,2.0NRT,329.08,35.39,D,2025-09-12 13:29:00+00:00
37.48819,-6.44349,367.0,0.39,0.36,2025-09-12,1329,N,VIIRS,l,2.0NRT,334.68,35.39,D,2025-09-12 13:29:00+00:00
37.48756,-6.44787,337.93,0.39,0.36,2025-09-12,1329,N,VIIRS,l,2.0NRT,308.94,24.75,D,2025-09-12 13:29:00+00:00
37.48551,-6.43837,356.64,0.39,0.36,2025-09-12,1329,N,VIIRS,n,2.0NRT,313.65,35.39,D,2025-09-12 13:29:00+00:00
37.48487,-6.44274,355.73,0.39,0.36,2025-09-12,1329,N,VIIRS,n,2.0NRT,322.75,35.39,D,2025-09-12 13:29:00+00:00
37.48156,-6.44198,354.56,0.39,0.36,2025-09-12,1329,N,VIIRS,n,2.0NRT,321.6,25.99,D,2025-09-12 13:29:00+00:00
37.49214,-6.43988,351.91,0.39,0.36,2025-09-12,1329,N,VIIRS,n,2.0NRT,320.57,113.43,D,2025-09-12 13:29:00+00:00
37.34018,-5.91712,353.23,0.39,0.37,2025-09-12,1329,N,VIIRS,n,2.0NRT,315.64,5.58,D,2025-09-12 13:29:00+00:00
37.23181,-8.79849,337.05,0.39,0.36,2025-09-12,1329,N,VIIRS,n,2.0NRT,306.3,1.96,D,2025-09-12 13:29:00+00:00
37.22849,-8.79762,341.86,0.39,0.36,2025-09-12,1329,N,VIIRS,n,2.0NRT,306.26,1.96,D,2025-09-12 13:29:00+00:00
36.91574,-6.16263,332.01,0.39,0.36,2025-09-12,1329,N,VIIRS,l,2.0NRT,303.7,0.77,D,2025-09-12 13:29:00+00:00
36.67976,3.12509,346.32,0.32,0.55,2025-09-12,1329,N,VIIRS,n,2.0NRT,303.03,4.52,D,2025-09-12 13:29:00+00:00
35.81625,-0.26798,367.0,0.42,0.45,2025-09-12,1329,N,VIIRS,h,2.0NRT,305.91,3.01,D,2025-09-12 13:29:00+00:00
35.80925,-0.25298,339.2,0.42,0.45,2025-09-12,1329,N,VIIRS,l,2.0NRT,309.32,6.79,D,2025-09-12 13:29:00+00:00
37.48093,-6.44635,349.71,0.39,0.36,2025-09-12,1329,N,VIIRS,n,2.0NRT,320.88,31.79,D,2025-09-12 13:29:00+00:00
43.52502,-5.72553,327.69,0.44,0.39,2025-09-12,1331,N,VIIRS,l,2.0NRT,298.09,1.77,D,2025-09-12 13:31:00+00:00
43.52436,-5.731,337.78,0.44,0.39,2025-09-12,1331,N,VIIRS,n,2.0NRT,299.61,5.0,D,2025-09-12 13:31:00+00:00
43.52369,-5.73649,332.56,0.44,0.39,2025-09-12,1331,N,VIIRS,n,2.0NRT,298.79,5.0,D,2025-09-12 13:31:00+00:00
41.40277,-7.56653,342.95,0.39,0.36,2025-09-12,1331,N,VIIRS,n,2.0NRT,294.09,22.34,D,2025-09-12 13:31:00+00:00
41.39945,-7.56574,331.89,0.39,0.36,2025-09-12,1331,N,VIIRS,n,2.0NRT,305.79,22.34,D,2025-09-12 13:31:00+00:00
41.09371,-7.55142,335.36,0.39,0.36,2025-09-12,1331,N,VIIRS,n,2.0NRT,299.88,2.87,D,2025-09-12 13:31:00+00:00
39.70565,-0.65429,339.81,0.44,0.46,2025-09-12,1331,N,VIIRS,n,2.0NRT,300.54,3.58,D,2025-09-12 13:31:00+00:00
39.7052,-0.65949,342.42,0.44,0.46,2025-09-12,1331,N,VIIRS,n,2.0NRT,300.11,2.92,D,2025-09-12 13:31:00+00:00
36.74696,3.08211,305.43,0.41,0.37,2025-09-13,149,N,VIIRS,n,2.0NRT,292.94,0.74,N,2025-09-13 01:49:00+00:00
41.47416,-1.48672,307.28,0.45,0.39,2025-09-13,149,N,VIIRS,n,2.0NRT,288.18,1.38,N,2025-09-13 01:49:00+00:00
36.75033,3.08306,315.01,0.41,0.37,2025-09-13,149,N,VIIRS,n,2.0NRT,295.39,1.61,N,2025-09-13 01:49:00+00:00
37.56956,-0.91485,306.84,0.4,0.37,2025-09-13,149,N,VIIRS,n,2.0NRT,293.35,0.77,N,2025-09-13 01:49:00+00:00
37.66727,-6.86647,309.18,0.48,0.48,2025-09-13,149,N,VIIRS,n,2.0NRT,289.87,0.76,N,2025-09-13 01:49:00+00:00
37.66776,-6.87207,300.76,0.48,0.48,2025-09-13,149,N,VIIRS,n,2.0NRT,289.62,0.76,N,2025-09-13 01:49:00+00:00
37.74295,-0.93314,308.35,0.41,0.37,2025-09-13,149,N,VIIRS,n,2.0NRT,292.08,0.67,N,2025-09-13 01:49:00+00:00
37.78416,-4.43048,306.25,0.54,0.42,2025-09-13,149,N,VIIRS,n,2.0NRT,291.1,0.8,N,2025-09-13 01:49:00+00:00
40.24406,-3.47682,321.02,0.52,0.42,2025-09-13,149,N,VIIRS,n,2.0NRT,291.36,3.68,N,2025-09-13 01:49:00+00:00
38.69803,-6.85199,296.27,0.49,0.49,2025-09-13,149,N,VIIRS,n,2.0NRT,266.79,0.57,N,2025-09-13 01:49:00+00:00
38.91239,-5.64749,300.81,0.43,0.46,2025-09-13,149,N,VIIRS,n,2.0NRT,289.44,0.63,N,2025-09-13 01:49:00+00:00
39.14973,-3.87402,312.69,0.53,0.42,2025-09-13,149,N,VIIRS,n,2.0NRT,288.17,1.94,N,2025-09-13 01:49:00+00:00
39.15024,-3.87373,313.14,0.53,0.42,2025-09-13,149,N,VIIRS,n,2.0NRT,288.52,2.5,N,2025-09-13 01:49:00+00:00
39.93687,-3.74678,304.41,0.53,0.42,2025-09-13,149,N,VIIRS,n,2.0NRT,289.49,1.61,N,2025-09-13 01:49:00+00:00
40.08081,-4.05911,307.77,0.55,0.43,2025-09-13,149,N,VIIRS,n,2.0NRT,288.68,1.64,N,2025-09-13 01:49:00+00:00
40.57794,0.54177,300.21,0.39,0.37,2025-09-13,149,N,VIIRS,n,2.0NRT,276.34,1.57,N,2025-09-13 01:49:00+00:00
36.63154,3.23384,308.26,0.41,0.37,2025-09-13,149,N,VIIRS,n,2.0NRT,294.05,1.28,N,2025-09-13 01:49:00+00:00
38.37565,-0.54544,306.7,0.4,0.37,2025-09-13,149,N,VIIRS,n,2.0NRT,292.51,1.13,N,2025-09-13 01:49:00+00:00
36.60004,3.13711,309.75,0.41,0.37,2025-09-13,149,N,VIIRS,n,2.0NRT,293.12,0.82,N,2025-09-13 01:49:00+00:00
36.12678,1.24412,305.35,0.39,0.36,2025-09-13,149,N,VIIRS,n,2.0NRT,295.09,1.42,N,2025-09-13 01:49:00+00:00
36.1398,2.92876,306.55,0.41,0.37,2025-09-13,149,N,VIIRS,n,2.0NRT,288.84,0.84,N,2025-09-13 01:49:00+00:00
36.59661,2.87626,315.0,0.41,0.37,2025-09-13,149,N,VIIRS,n,2.0NRT,292.54,0.94,N,2025-09-13 01:49:00+00:00
35.4606,-0.39384,308.13,0.39,0.36,2025-09-13,149,N,VIIRS,n,2.0NRT,295.08,0.71,N,2025-09-13 01:49:00+00:00
35.52762,-0.27976,307.13,0.39,0.36,2025-09-13,149,N,VIIRS,n,2.0NRT,292.13,0.7,N,2025-09-13 01:49:00+00:00
35.5336,-0.27405,312.5,0.39,0.36,2025-09-13,149,N,VIIRS,n,2.0NRT,295.08,0.92,N,2025-09-13 01:49:00+00:00
35.56708,-0.93989,316.69,0.39,0.37,2025-09-13,149,N,VIIRS,n,2.0NRT,294.5,1.42,N,2025-09-13 01:49:00+00:00
35.76348,-0.26928,312.64,0.39,0.36,2025-09-13,149,N,VIIRS,n,2.0NRT,297.73,1.6,N,2025-09-13 01:49:00+00:00
35.76878,-0.26539,315.31,0.39,0.36,2025-09-13,149,N,VIIRS,n,2.0NRT,298.4,2.73,N,2025-09-13 01:49:00+00:00
35.78411,0.53917,304.8,0.38,0.36,2025-09-13,149,N,VIIRS,n,2.0NRT,293.53,0.75,N,2025-09-13 01:49:00+00:00
35.76284,-0.26501,312.26,0.39,0.36,2025-09-13,149,N,VIIRS,n,2.0NRT,296.84,1.6,N,2025-09-13 01:49:00+00:00
35.80661,-0.24363,308.74,0.39,0.36,2025-09-13,149,N,VIIRS,n,2.0NRT,295.12,1.41,N,2025-09-13 01:49:00+00:00
35.8033,-0.24437,310.82,0.39,0.36,2025-09-13,149,N,VIIRS,n,2.0NRT,294.94,1.29,N,2025-09-13 01:49:00+00:00
35.82211,-0.32396,303.78,0.39,0.36,2025-09-13,149,N,VIIRS,n,2.0NRT,292.42,1.08,N,2025-09-13 01:49:00+00:00
35.81709,-0.26775,316.74,0.39,0.36,2025-09-13,149,N,VIIRS,n,2.0NRT,295.45,1.5,N,2025-09-13 01:49:00+00:00
35.81442,-0.27275,339.37,0.39,0.36,2025-09-13,149,N,VIIRS,n,2.0NRT,294.25,3.46,N,2025-09-13 01:49:00+00:00
36.13076,1.24069,308.03,0.39,0.36,2025-09-13,149,N,VIIRS,n,2.0NRT,295.89,1.01,N,2025-09-13 01:49:00+00:00
35.80928,-0.23862,329.7,0.39,0.36,2025-09-13,149,N,VIIRS,n,2.0NRT,295.02,1.41,N,2025-09-13 01:49:00+00:00
35.80854,-0.25642,329.11,0.39,0.36,2025-09-13,149,N,VIIRS,n,2.0NRT,296.24,2.61,N,2025-09-13 01:49:00+00:00
35.81377,-0.26849,310.77,0.39,0.36,2025-09-13,149,N,VIIRS,n,2.0NRT,294.67,1.44,N,2025-09-13 01:49:00+00:00
35.3113,-1.34481,307.83,0.4,0.37,2025-09-13,152,N,VIIRS,n,2.0NRT,294.17,0.83,N,2025-09-13 01:52:00+00:00
41.39494,-7.58712,296.65,0.5,0.66,2025-09-13,330,N,VIIRS,n,2.0NRT,260.28,6.69,N,2025-09-13 03:30:00+00:00
41.41359,-7.53901,297.76,0.51,0.66,2025-09-13,330,N,VIIRS,n,2.0NRT,259.89,1.67,N,2025-09-13 03:30:00+00:00
41.41209,-7.53409,295.25,0.51,0.66,2025-09-13,330,N,VIIRS,n,2.0NRT,260.02,1.67,N,2025-09-13 03:30:00+00:00
41.41058,-7.52909,343.45,0.51,0.66,2025-09-13,330,N,VIIRS,n,2.0NRT,263.06,9.06,N,2025-09-13 03:30:00+00:00
41.40852,-7.52237,303.95,0.51,0.66,2025-09-13,330,N,VIIRS,n,2.0NRT,264.63,4.41,N,2025-09-13 03:30:00+00:00
41.40781,-7.54194,300.76,0.51,0.66,2025-09-13,330,N,VIIRS,n,2.0NRT,261.07,1.67,N,2025-09-13 03:30:00+00:00
41.39336,-7.58197,308.26,0.5,0.66,2025-09-13,330,N,VIIRS,n,2.0NRT,262.13,6.69,N,2025-09-13 03:30:00+00:00
41.41043,-7.52866,343.84,0.51,0.66,2025-09-13,330,N,VIIRS,n,2.0NRT,263.38,4.41,N,2025-09-13 03:30:00+00:00
41.39036,-7.57219,356.56,0.51,0.66,2025-09-13,330,N,VIIRS,n,2.0NRT,265.1,18.21,N,2025-09-13 03:30:00+00:00
41.38844,-7.5659,309.56,0.51,0.66,2025-09-13,330,N,VIIRS,n,2.0NRT,261.34,2.62,N,2025-09-13 03:30:00+00:00
41.38755,-7.5848,297.45,0.5,0.66,2025-09-13,330,N,VIIRS,n,2.0NRT,260.27,1.52,N,2025-09-13 03:30:00+00:00
41.38622,-7.55865,296.37,0.51,0.66,2025-09-13,330,N,VIIRS,n,2.0NRT,261.14,2.62,N,2025-09-13 03:30:00+00:00
41.39183,-7.57698,367.0,0.5,0.66,2025-09-13,330,N,VIIRS,h,2.0NRT,269.91,18.21,N,2025-09-13 03:30:00+00:00
41.38595,-7.57957,313.15,0.5,0.66,2025-09-13,330,N,VIIRS,n,2.0NRT,260.72,2.26,N,2025-09-13 03:30:00+00:00
41.38437,-7.57439,313.06,0.51,0.66,2025-09-13,330,N,VIIRS,n,2.0NRT,260.49,2.26,N,2025-09-13 03:30:00+00:00
41.38252,-7.56836,297.75,0.51,0.66,2025-09-13,330,N,VIIRS,n,2.0NRT,260.42,1.26,N,2025-09-13 03:30:00+00:00
36.80334,-6.22661,301.57,0.8,0.78,2025-09-13,332,N,VIIRS,n,2.0NRT,290.02,1.12,N,2025-09-13 03:32:00+00:00
36.5966,2.87966,336.68,0.53,0.42,2025-09-13,1310,N,VIIRS,n,2.0NRT,310.92,3.62,D,2025-09-13 13:10:00+00:00
36.43985,2.47411,356.58,0.51,0.41,2025-09-13,1310,N,VIIRS,n,2.0NRT,315.51,19.8,D,2025-09-13 13:10:00+00:00
35.81406,-0.2681,339.54,0.4,0.37,2025-09-13,1310,N,VIIRS,n,2.0NRT,310.24,2.14,D,2025-09-13 13:10:00+00:00
35.81345,-0.27257,337.51,0.4,0.37,2025-09-13,1310,N,VIIRS,n,2.0NRT,310.21,2.14,D,2025-09-13 13:10:00+00:00
35.80911,-0.25337,337.41,0.4,0.37,2025-09-13,1310,N,VIIRS,n,2.0NRT,310.88,2.42,D,2025-09-13 13:10:00+00:00
35.80888,-0.2543,344.69,0.4,0.37,2025-09-13,1310,N,VIIRS,n,2.0NRT,312.4,3.85,D,2025-09-13 13:10:00+00:00
35.8085,-0.25784,336.48,0.4,0.37,2025-09-13,1310,N,VIIRS,n,2.0NRT,309.8,2.05,D,2025-09-13 13:10:00+00:00
41.3878,-7.55187,348.18,0.44,0.38,2025-09-13,1312,N,VIIRS,n,2.0NRT,297.68,6.7,D,2025-09-13 13:12:00+00:00
41.38838,-7.5653,330.33,0.44,0.38,2025-09-13,1312,N,VIIRS,n,2.0NRT,295.5,5.97,D,2025-09-13 13:12:00+00:00
41.38775,-7.54909,349.47,0.44,0.38,2025-09-13,1312,N,VIIRS,n,2.0NRT,293.16,7.18,D,2025-09-13 13:12:00+00:00
41.38874,-7.54675,333.61,0.44,0.38,2025-09-13,1312,N,VIIRS,n,2.0NRT,287.41,4.56,D,2025-09-13 13:12:00+00:00
41.38934,-7.56024,348.62,0.44,0.38,2025-09-13,1312,N,VIIRS,n,2.0NRT,299.02,5.97,D,2025-09-13 13:12:00+00:00
41.39028,-7.55518,350.98,0.44,0.38,2025-09-13,1312,N,VIIRS,n,2.0NRT,304.67,16.08,D,2025-09-13 13:12:00+00:00
41.39073,-7.53327,331.77,0.44,0.38,2025-09-13,1312,N,VIIRS,n,2.0NRT,293.78,29.25,D,2025-09-13 13:12:00+00:00
41.39123,-7.55011,338.08,0.44,0.38,2025-09-13,1312,N,VIIRS,n,2.0NRT,295.44,16.08,D,2025-09-13 13:12:00+00:00
41.39166,-7.53083,352.88,0.44,0.38,2025-09-13,1312,N,VIIRS,n,2.0NRT,301.95,38.31,D,2025-09-13 13:12:00+00:00
41.40751,-7.52207,346.19,0.44,0.38,2025-09-13,1312,N,VIIRS,n,2.0NRT,301.78,21.77,D,2025-09-13 13:12:00+00:00
41.39262,-7.52563,341.47,0.44,0.38,2025-09-13,1312,N,VIIRS,n,2.0NRT,296.16,26.94,D,2025-09-13 13:12:00+00:00
41.39378,-7.55612,343.84,0.44,0.38,2025-09-13,1312,N,VIIRS,n,2.0NRT,296.69,16.08,D,2025-09-13 13:12:00+00:00
41.39421,-7.53429,345.16,0.44,0.38,2025-09-13,1312,N,VIIRS,n,2.0NRT,294.39,4.81,D,2025-09-13 13:12:00+00:00
41.39519,-7.52908,335.62,0.44,0.38,2025-09-13,1312,N,VIIRS,n,2.0NRT,295.97,4.81,D,2025-09-13 13:12:00+00:00
41.39805,-7.5138,331.26,0.44,0.38,2025-09-13,1312,N,VIIRS,n,2.0NRT,296.86,4.85,D,2025-09-13 13:12:00+00:00
41.40658,-7.52709,356.16,0.44,0.38,2025-09-13,1312,N,VIIRS,n,2.0NRT,298.41,21.77,D,2025-09-13 13:12:00+00:00
41.41004,-7.52823,341.68,0.44,0.38,2025-09-13,1312,N,VIIRS,n,2.0NRT,293.61,18.72,D,2025-09-13 13:12:00+00:00
41.41098,-7.52317,350.82,0.44,0.38,2025-09-13,1312,N,VIIRS,n,2.0NRT,295.68,18.72,D,2025-09-13 13:12:00+00:00
41.38744,-7.57031,330.71,0.44,0.38,2025-09-13,1312,N,VIIRS,n,2.0NRT,295.34,4.39,D,2025-09-13 13:12:00+00:00
41.39171,-7.52805,352.27,0.44,0.38,2025-09-13,1312,N,VIIRS,n,2.0NRT,302.8,29.25,D,2025-09-13 13:12:00+00:00
41.38686,-7.55698,344.63,0.44,0.38,2025-09-13,1312,N,VIIRS,n,2.0NRT,298.55,6.7,D,2025-09-13 13:12:00+00:00
36.76986,-5.94865,350.31,0.44,0.39,2025-09-13,1312,N,VIIRS,n,2.0NRT,311.58,9.86,D,2025-09-13 13:12:00+00:00
41.38592,-7.56206,349.72,0.44,0.38,2025-09-13,1312,N,VIIRS,n,2.0NRT,306.45,22.69,D,2025-09-13 13:12:00+00:00
41.41251,-7.53462,333.2,0.44,0.38,2025-09-13,1312,N,VIIRS,n,2.0NRT,288.81,5.42,D,2025-09-13 13:12:00+00:00
37.12368,-5.77042,336.67,0.43,0.38,2025-09-13,1312,N,VIIRS,l,2.0NRT,310.06,1.95,D,2025-09-13 13:12:00+00:00
37.39888,-5.28769,335.45,0.42,0.38,2025-09-13,1312,N,VIIRS,n,2.0NRT,303.61,3.02,D,2025-09-13 13:12:00+00:00
37.54735,-5.94807,330.68,0.44,0.38,2025-09-13,1312,N,VIIRS,l,2.0NRT,303.08,2.17,D,2025-09-13 13:12:00+00:00
38.27833,-6.1459,331.74,0.43,0.38,2025-09-13,1312,N,VIIRS,l,2.0NRT,303.69,1.76,D,2025-09-13 13:12:00+00:00
38.27913,-6.16145,331.2,0.43,0.38,2025-09-13,1312,N,VIIRS,l,2.0NRT,303.22,1.79,D,2025-09-13 13:12:00+00:00
38.28168,-6.16738,340.95,0.43,0.38,2025-09-13,1312,N,VIIRS,n,2.0NRT,301.95,3.25,D,2025-09-13 13:12:00+00:00
38.28177,-6.14696,345.21,0.43,0.38,2025-09-13,1312,N,VIIRS,n,2.0NRT,302.09,1.76,D,2025-09-13 13:12:00+00:00
38.73217,-7.03429,333.69,0.46,0.39,2025-09-13,1312,N,VIIRS,n,2.0NRT,302.74,2.8,D,2025-09-13 13:12:00+00:00
41.38679,-7.55421,339.74,0.44,0.38,2025-09-13,1312,N,VIIRS,n,2.0NRT,297.28,7.18,D,2025-09-13 13:12:00+00:00
40.31585,-3.77508,339.09,0.38,0.36,2025-09-13,1312,N,VIIRS,n,2.0NRT,302.45,2.02,D,2025-09-13 13:12:00+00:00
41.38084,-7.54975,348.7,0.44,0.38,2025-09-13,1312,N,VIIRS,n,2.0NRT,295.56,6.88,D,2025-09-13 13:12:00+00:00
41.38234,-7.5583,355.09,0.44,0.38,2025-09-13,1312,N,VIIRS,n,2.0NRT,297.76,26.37,D,2025-09-13 13:12:00+00:00
41.38243,-7.56108,347.84,0.44,0.38,2025-09-13,1312,N,VIIRS,n,2.0NRT,294.82,22.69,D,2025-09-13 13:12:00+00:00
41.38337,-7.55596,344.4,0.44,0.38,2025-09-13,1312,N,VIIRS,n,2.0NRT,297.28,6.7,D,2025-09-13 13:12:00+00:00
41.38405,-7.5722,329.91,0.44,0.38,2025-09-13,1312,N,VIIRS,n,2.0NRT,292.23,2.23,D,2025-09-13 13:12:00+00:00
41.38427,-7.54803,349.03,0.44,0.38,2025-09-13,1312,N,VIIRS,n,2.0NRT,295.1,7.18,D,2025-09-13 13:12:00+00:00
41.38432,-7.55082,336.8,0.44,0.38,2025-09-13,1312,N,VIIRS,n,2.0NRT,295.15,6.7,D,2025-09-13 13:12:00+00:00
41.38527,-7.54566,336.5,0.44,0.38,2025-09-13,1312,N,VIIRS,n,2.0NRT,290.86,4.56,D,2025-09-13 13:12:00+00:00
41.38583,-7.55931,350.06,0.44,0.38,2025-09-13,1312,N,VIIRS,n,2.0NRT,303.09,26.37,D,2025-09-13 13:12:00+00:00
41.37989,-7.55492,351.66,0.44,0.38,2025-09-13,1312,N,VIIRS,n,2.0NRT,294.34,6.88,D,2025-09-13 13:12:00+00:00
41.92569,0.18197,335.49,0.47,0.4,2025-09-13,1312,N,VIIRS,n,2.0NRT,300.11,5.88,D,2025-09-13 13:12:00+00:00
